시각,신호,입력,발생,축적,점화원,줄,판정,모드,근거,메모
08:00,작업허가 발급 + 밸브 잠금 FG-01,CSV,가능,○,○,,정상,대수리 사전 작업,,
08:05,격리 목록 입력,CSV,가능,○,○,,정상,대수리 사전 작업,,격리 목록 ↔ 배관 계통도: 참조 3건 ↔ 문서 2건 · 문서에 없는 항목 1건 (FG-02 파일럿 버너 배관) — 작업 시작 차단
08:15,벤트 · 압력 해소 FG-01,버튼,가능,○,○,,정상,대수리 사전 작업,,
08:20,퍼지 시작,버튼,가능,○,○,,정상,대수리 사전 작업,,
08:35,퍼지 종료,버튼,가능,○,○,,정상,대수리 사전 작업,,퍼지 종료 — 켜져 있던 시간 15분
08:40,가스 측정 FG-01 0,CSV,가능,○,○,,정상,대수리 사전 작업,,
08:45,배기 정지,버튼,가능,●,○,7,주의,대수리 사전 작업,축적 단독 · 축적 ●(08:45 배기 정지) · 점화원 ○,
09:00,화기 허가,CSV,가능,●,○,7,주의,대수리 사전 작업 · 산세 구역 화기,축적 단독 · 축적 ●(08:45 배기 정지) · 점화원 ○,
09:10,플랜지 해체 · 잔류 가스 방출 FG-01,버튼,확인,●,○,5,경보,대수리 사전 작업 · 산세 구역 화기,발생 확인 + 축적 · 발생 확인(09:10 플랜지 해체 · 잔류 가스 방출 FG-01) · 축적 ●(08:45 배기 정지),
09:12,밸브 시트 누설 FG-02,버튼,확인,●,○,5,경보,대수리 사전 작업 · 산세 구역 화기,발생 확인 + 축적 · 발생 확인(09:12 밸브 시트 누설 FG-02) · 축적 ●(08:45 배기 정지),
09:15,점화원 수동 입력,영상,확인,●,●,2,최고 경보,대수리 사전 작업 · 산세 구역 화기,"점화원 + 축적(또는 LEL 10%), 발생 해제 아님 · 점화원 ●(09:15 점화원 수동 입력) · 축적 ●(08:45 배기 정지) · 발생 확인(09:12 밸브 시트 누설 FG-02)",
09:22,폭발 · 연소,버튼,확인,●,●,2,최고 경보,대수리 사전 작업 · 산세 구역 화기,"점화원 + 축적(또는 LEL 10%), 발생 해제 아님 · 점화원 ●(09:15 점화원 수동 입력) · 축적 ●(08:45 배기 정지) · 발생 확인(09:12 밸브 시트 누설 FG-02)",09:15 최고 경보(폭발)로 작업이 멈춘 상태 — 이 사고는 일어나지 않는다고 본다 (가정)
